Question,Answer
Could you elaborate on your college's admissions requirements?,"Certainly,Please go to the provided link for more details  https://education.gsu.edu/admissions/all-program-deadlines-and-requirements/"
What credentials and paperwork are required to be admitted to your college?,Please visit the give website for more details https://education.gsu.edu/admissions/all-program-deadlines-and-requirements/
Could you let me know what your institution's admissions requirements are for potential students?,"Certainly,Please go to the provided link for more details  https://education.gsu.edu/admissions/all-program-deadlines-and-requirements/"
What are the requirements in order to be admitted to your college?,Please visit the give website for more details https://education.gsu.edu/admissions/all-program-deadlines-and-requirements/
Do prospective students at your college need to meet any particular academic or standardised test score requirements?,"Yes, there might be certain requirements. Please visit the given website for detailed information https://education.gsu.edu/admissions/all-program-deadlines-and-requirements/"
What credentials and supporting materials must prospective students submit to your college in order to be considered for admission?,Please visit the give website for more details https://education.gsu.edu/admissions/all-program-deadlines-and-requirements/
Could you describe the requirements for admission to your institution and the prerequisites that applicants must meet?,"Certainly,Please go to the provided link for more details  https://education.gsu.edu/admissions/all-program-deadlines-and-requirements/"
Could you provide more details on the requirements to be admitted to your college?,"Certainly,Please go to the provided link for more details  https://education.gsu.edu/admissions/all-program-deadlines-and-requirements/"
What credentials and information must candidates provide to your college in order to be considered for admission?,Please visit the give website for more details https://education.gsu.edu/admissions/all-program-deadlines-and-requirements/
"Are there any prerequisites, either academic or extracurricular, that candidates must meet in order to be admitted to your college?","Certainly,Please go to the provided link for more details  https://education.gsu.edu/admissions/all-program-deadlines-and-requirements/"
Can you provide details on the admission criteria for your college?,"Certainly,Please go to the provided link for more details  https://education.gsu.edu/admissions/all-program-deadlines-and-requirements/"
What qualifications and documents are needed for admission to your college?,Please visit the give website for more details https://education.gsu.edu/admissions/all-program-deadlines-and-requirements/
Could you share the admission requirements that prospective students must meet at your institution?,"Certainly,Please go to the provided link for more details  https://education.gsu.edu/admissions/all-program-deadlines-and-requirements/"
What are the prerequisites for gaining admission to your college?,Please visit the give website for more details https://education.gsu.edu/admissions/all-program-deadlines-and-requirements/
Are there specific academic or standardized test score requirements for applicants to your college?,"Yes, there might be certain requirements. Please visit the given website for detailed information https://education.gsu.edu/admissions/all-program-deadlines-and-requirements/"
What documentation and qualifications do prospective students need to submit as part of the admission process for your college?,Please visit the give website for more details https://education.gsu.edu/admissions/all-program-deadlines-and-requirements/
Can you outline the admission criteria and necessary prerequisites for applicants to your institution?,"Certainly,Please go to the provided link for more details  https://education.gsu.edu/admissions/all-program-deadlines-and-requirements/"
Could you elaborate on the eligibility criteria for admission to your college?,"Certainly,Please go to the provided link for more details  https://education.gsu.edu/admissions/all-program-deadlines-and-requirements/"
What information and credentials do applicants need to provide to be considered for admission to your college?,Please visit the give website for more details https://education.gsu.edu/admissions/all-program-deadlines-and-requirements/
Are there any specific academic or extracurricular requirements that applicants must fulfill to be accepted into your college?,"Certainly,Please go to the provided link for more details  https://education.gsu.edu/admissions/all-program-deadlines-and-requirements/"
Could you provide a list of the majors and academic programmes that your school offers?,Please visit the given link to know the available courses for graduates and undergraduates  https://education.gsu.edu/academics/
Which majors and study programmes are offered to students at your college?,Please visit the given link to know the available courses for graduates and undergraduates  https://education.gsu.edu/academics/
Could you give details about the various majors and academic fields that students can select from?,Please visit the given link to know the available courses for graduates and undergraduates  https://education.gsu.edu/academics/
Could you send me some information about the majors and programmes your college offers?,Please visit the given link to know the available courses for graduates and undergraduates  https://education.gsu.edu/academics/
Which majors and academic areas are available to aspiring students at your university?,Please visit the given link to know the available courses for graduates and undergraduates  https://education.gsu.edu/academics/
Could you provide me with an outline of the many majors and programmes that students at your university can choose from?,Please visit the given link to know the available courses for graduates and undergraduates  https://education.gsu.edu/academics/
I'm interested in the variety of courses your college offers. Could you tell me more about the different majors and programmes?,Please visit the given link to know the available courses for graduates and undergraduates  https://education.gsu.edu/academics/
Which academic programmes and majors are offered at your university for students to choose from?,Please visit the given link to know the available courses for graduates and undergraduates  https://education.gsu.edu/academics/
Could you give students a rundown of the many majors and study options available at your university?,Please visit the given link to know the available courses for graduates and undergraduates  https://education.gsu.edu/academics/
I'd need additional information about your college's majors and programmes because I'm thinking about applying. Could you provide us any details?,Please visit the given link to know the available courses for graduates and undergraduates  https://education.gsu.edu/academics/
Could you share the list of academic programs and majors offered at your institution?,Please visit the given link to know the available courses for graduates and undergraduates  https://education.gsu.edu/academics/
What are the various study programs and majors available for students at your college?,Please visit the given link to know the available courses for graduates and undergraduates  https://education.gsu.edu/academics/
Can you provide information on the different academic disciplines and majors that students can choose from?,Please visit the given link to know the available courses for graduates and undergraduates  https://education.gsu.edu/academics/
I'm interested in learning about the programs and majors your college offers; could you provide some details?,Please visit the given link to know the available courses for graduates and undergraduates  https://education.gsu.edu/academics/
What academic fields and majors are available for prospective students at your university?,Please visit the given link to know the available courses for graduates and undergraduates  https://education.gsu.edu/academics/
Could you give me an overview of the diverse programs and majors that students can pursue at your institution?,Please visit the given link to know the available courses for graduates and undergraduates  https://education.gsu.edu/academics/
I'm curious about the range of study options at your college. Can you tell me about the various programs and majors?,Please visit the given link to know the available courses for graduates and undergraduates  https://education.gsu.edu/academics/
What majors and academic programs are available for students to enroll in at your university?,Please visit the given link to know the available courses for graduates and undergraduates  https://education.gsu.edu/academics/
Can you provide a list of the different study paths and majors that students can explore at your institution?,Please visit the given link to know the available courses for graduates and undergraduates  https://education.gsu.edu/academics/
I'm considering applying to your college and would like to know more about the programs and majors. Could you provide some information?,Please visit the given link to know the available courses for graduates and undergraduates  https://education.gsu.edu/academics/
Could you give specifics about your institution's tuition costs and financial aid policies?,Tution Fee varies from course to course.Plase visit https://sfs.gsu.edu/resources/tuition/tuition-breakdown/  website for more details.For scholarshp details visit  https://success.students.gsu.edu/scholarship-resource-center/
"How much does tuition cost, and what are the student's possibilities for financial aid?",Tution Fee varies from course to course.Plase visit https://sfs.gsu.edu/resources/tuition/tuition-breakdown/  website for more details.For scholarshp details visit  https://success.students.gsu.edu/scholarship-resource-center/
Could you provide details regarding your college's financial aid programmes and tuition costs?,Tution Fee varies from course to course.Plase visit https://sfs.gsu.edu/resources/tuition/tuition-breakdown/  website for more details.For scholarshp details visit  https://success.students.gsu.edu/scholarship-resource-center/
I would like more information about your university's financial aid offerings and tuition schedule. Could you offer some clarification?,Tution Fee varies from course to course.Plase visit https://sfs.gsu.edu/resources/tuition/tuition-breakdown/  website for more details.For scholarshp details visit  https://success.students.gsu.edu/scholarship-resource-center/
"What is the cost of tuition at your university, and what kinds of financial aid are available to students?",Tution Fee varies from course to course.Plase visit https://sfs.gsu.edu/resources/tuition/tuition-breakdown/  website for more details.For scholarshp details visit  https://success.students.gsu.edu/scholarship-resource-center/
"What is the cost of tuition, and are there any ways for needy students to receive financial help or scholarships?",Tution Fee varies from course to course.Plase visit https://sfs.gsu.edu/resources/tuition/tuition-breakdown/  website for more details.For scholarshp details visit  https://success.students.gsu.edu/scholarship-resource-center/
Could you supply details about the costs of tuition and the financial aid programmes your college offers?,Tution Fee varies from course to course.Plase visit https://sfs.gsu.edu/resources/tuition/tuition-breakdown/  website for more details.For scholarshp details visit  https://success.students.gsu.edu/scholarship-resource-center/
I'd like more information about your college's financial aid programmes and tuition costs. Could you provide further details?,Tution Fee varies from course to course.Plase visit https://sfs.gsu.edu/resources/tuition/tuition-breakdown/  website for more details.For scholarshp details visit  https://success.students.gsu.edu/scholarship-resource-center/
"What is the overall cost of attendance at your university, including tuition, and what options are there for financial aid?",Tution Fee varies from course to course.Plase visit https://sfs.gsu.edu/resources/tuition/tuition-breakdown/  website for more details.For scholarshp details visit  https://success.students.gsu.edu/scholarship-resource-center/
Could you provide me with a summary of your institution's tuition costs and financial assistance options for potential students?,Tution Fee varies from course to course.Plase visit https://sfs.gsu.edu/resources/tuition/tuition-breakdown/  website for more details.For scholarshp details visit  https://success.students.gsu.edu/scholarship-resource-center/
Could you provide details on tuition fees and the availability of financial aid at your institution?,Tution Fee varies from course to course.Plase visit https://sfs.gsu.edu/resources/tuition/tuition-breakdown/  website for more details.For scholarshp details visit  https://success.students.gsu.edu/scholarship-resource-center/
"What is the cost of tuition, and what options for financial aid are available for students?",Tution Fee varies from course to course.Plase visit https://sfs.gsu.edu/resources/tuition/tuition-breakdown/  website for more details.For scholarshp details visit  https://success.students.gsu.edu/scholarship-resource-center/
Can you share information about tuition expenses and the financial aid opportunities offered by your college?,Tution Fee varies from course to course.Plase visit https://sfs.gsu.edu/resources/tuition/tuition-breakdown/  website for more details.For scholarshp details visit  https://success.students.gsu.edu/scholarship-resource-center/
I'm interested in understanding the tuition structure and the financial assistance programs at your university. Can you provide some insight?,Tution Fee varies from course to course.Plase visit https://sfs.gsu.edu/resources/tuition/tuition-breakdown/  website for more details.For scholarshp details visit  https://success.students.gsu.edu/scholarship-resource-center/
"How much does tuition cost at your institution, and what types of financial aid are accessible for students?",Tution Fee varies from course to course.Plase visit https://sfs.gsu.edu/resources/tuition/tuition-breakdown/  website for more details.For scholarshp details visit  https://success.students.gsu.edu/scholarship-resource-center/
"What is the tuition fee, and are there scholarships or financial aid options for students in need?",Tution Fee varies from course to course.Plase visit https://sfs.gsu.edu/resources/tuition/tuition-breakdown/  website for more details.For scholarshp details visit  https://success.students.gsu.edu/scholarship-resource-center/
Can you offer information on the expenses associated with tuition and the financial support services provided by your college?,Tution Fee varies from course to course.Plase visit https://sfs.gsu.edu/resources/tuition/tuition-breakdown/  website for more details.For scholarshp details visit  https://success.students.gsu.edu/scholarship-resource-center/
I'd like to learn about the tuition fees and the ways in which your college supports students financially. Could you elaborate?,Tution Fee varies from course to course.Plase visit https://sfs.gsu.edu/resources/tuition/tuition-breakdown/  website for more details.For scholarshp details visit  https://success.students.gsu.edu/scholarship-resource-center/
"What is the total cost of attendance, including tuition, and what financial aid resources are available for students at your university?",Tution Fee varies from course to course.Plase visit https://sfs.gsu.edu/resources/tuition/tuition-breakdown/  website for more details.For scholarshp details visit  https://success.students.gsu.edu/scholarship-resource-center/
Could you give me an overview of the tuition fees and the financial aid programs that prospective students can explore at your institution?,Tution Fee varies from course to course.Plase visit https://sfs.gsu.edu/resources/tuition/tuition-breakdown/  website for more details.For scholarshp details visit  https://success.students.gsu.edu/scholarship-resource-center/
What kind of environment exists on campus?,"Georgia State University's campus life is vibrant and diverse, offering students a dynamic and engaging environment. Please visit https://engagement.gsu.edu/student-life/  to explore more about campus life."
What would you say the general atmosphere is like on campus?,"Georgia State University's campus life is vibrant and diverse, offering students a dynamic and engaging environment. Please visit https://engagement.gsu.edu/student-life/  to explore more about campus life."
What would you say best describe students' everyday lives on campus?,"Georgia State University's campus life is vibrant and diverse, offering students a dynamic and engaging environment. Please visit https://engagement.gsu.edu/student-life/  to explore more about campus life."
Tell me about your university's social scene.,"Georgia State University's campus life is vibrant and diverse, offering students a dynamic and engaging environment. Please visit https://engagement.gsu.edu/student-life/  to explore more about campus life."
Which events and activities constitute the core of campus life?,"Georgia State University's campus life is vibrant and diverse, offering students a dynamic and engaging environment. Please visit https://engagement.gsu.edu/student-life/  to explore more about campus life."
What do you think about the campus culture of students?,"Georgia State University's campus life is vibrant and diverse, offering students a dynamic and engaging environment. Please visit https://engagement.gsu.edu/student-life/  to explore more about campus life."
What is a typical day in the life of a student living on campus?,"Georgia State University's campus life is vibrant and diverse, offering students a dynamic and engaging environment. Please visit https://engagement.gsu.edu/student-life/  to explore more about campus life."
"At your university, what is the normal way that students pass their leisure time?","Georgia State University's campus life is vibrant and diverse, offering students a dynamic and engaging environment. Please visit https://engagement.gsu.edu/student-life/  to explore more about campus life."
Could you describe the college community as you see it?,"Georgia State University's campus life is vibrant and diverse, offering students a dynamic and engaging environment. Please visit https://engagement.gsu.edu/student-life/  to explore more about campus life."
Which aspects of your college experience have you found most memorable as a student?,"Georgia State University's campus life is vibrant and diverse, offering students a dynamic and engaging environment. Please visit https://engagement.gsu.edu/student-life/  to explore more about campus life."
What is the atmosphere like on campus?,"Georgia State University's campus life is vibrant and diverse, offering students a dynamic and engaging environment. Please visit https://engagement.gsu.edu/student-life/  to explore more about campus life."
Can you describe the overall vibe of campus life?,"Georgia State University's campus life is vibrant and diverse, offering students a dynamic and engaging environment. Please visit https://engagement.gsu.edu/student-life/  to explore more about campus life."
How would you characterize the daily experiences of students on campus?,"Georgia State University's campus life is vibrant and diverse, offering students a dynamic and engaging environment. Please visit https://engagement.gsu.edu/student-life/  to explore more about campus life."
Tell me about the social scene at your university.,"Georgia State University's campus life is vibrant and diverse, offering students a dynamic and engaging environment. Please visit https://engagement.gsu.edu/student-life/  to explore more about campus life."
What activities and events make up the fabric of campus life?,"Georgia State University's campus life is vibrant and diverse, offering students a dynamic and engaging environment. Please visit https://engagement.gsu.edu/student-life/  to explore more about campus life."
Share your perspective on the student culture on campus.,"Georgia State University's campus life is vibrant and diverse, offering students a dynamic and engaging environment. Please visit https://engagement.gsu.edu/student-life/  to explore more about campus life."
Describe the day-to-day routine of students living on campus.,"Georgia State University's campus life is vibrant and diverse, offering students a dynamic and engaging environment. Please visit https://engagement.gsu.edu/student-life/  to explore more about campus life."
How do students typically spend their free time at your university?,"Georgia State University's campus life is vibrant and diverse, offering students a dynamic and engaging environment. Please visit https://engagement.gsu.edu/student-life/  to explore more about campus life."
Can you paint a picture of the community aspect of campus life?,"Georgia State University's campus life is vibrant and diverse, offering students a dynamic and engaging environment. Please visit https://engagement.gsu.edu/student-life/  to explore more about campus life."
What are some of the highlights of the student experience at your college?,"Georgia State University's campus life is vibrant and diverse, offering students a dynamic and engaging environment. Please visit https://engagement.gsu.edu/student-life/  to explore more about campus life."
What resources are available to students through the career services centre?,University Career Services can help you figure What does life after college look like for you. For more information click https://career.gsu.edu/students/
Could you provide any details regarding the on-campus career support services?,University Career Services can help you figure What does life after college look like for you. For more information click https://career.gsu.edu/students/
How does the career services department at the institution help students look for work?,University Career Services can help you figure What does life after college look like for you. For more information click https://career.gsu.edu/students/
Tell me about the resources and advice that the career services office provides.,University Career Services can help you figure What does life after college look like for you. For more information click https://career.gsu.edu/students/
What courses or workshops does the career centre provide to assist students in developing their careers?,University Career Services can help you figure What does life after college look like for you. For more information click https://career.gsu.edu/students/
What part does the career services staff play in assisting students with their future planning?,University Career Services can help you figure What does life after college look like for you. For more information click https://career.gsu.edu/students/
To what extent does the career services department assist recent graduates in locating job opportunities?,University Career Services can help you figure What does life after college look like for you. For more information click https://career.gsu.edu/students/
Could you elaborate on the assistance with job placement that the career services department of the institution offers?,University Career Services can help you figure What does life after college look like for you. For more information click https://career.gsu.edu/students/
How does the career services office help students get ready for job interviews and internships?,University Career Services can help you figure What does life after college look like for you. For more information click https://career.gsu.edu/students/
Please share your opinions on how career services affect university students' overall achievement.,University Career Services can help you figure What does life after college look like for you. For more information click https://career.gsu.edu/students/
What resources does the career services center provide for students?,University Career Services can help you figure What does life after college look like for you. For more information click https://career.gsu.edu/students/
Could you share some information about the career support available on campus?,University Career Services can help you figure What does life after college look like for you. For more information click https://career.gsu.edu/students/
How does the university's career services department assist students in their job search?,University Career Services can help you figure What does life after college look like for you. For more information click https://career.gsu.edu/students/
Tell me about the tools and guidance offered by the career services office.,University Career Services can help you figure What does life after college look like for you. For more information click https://career.gsu.edu/students/
What programs or workshops does the career center offer to help students with their career development?,University Career Services can help you figure What does life after college look like for you. For more information click https://career.gsu.edu/students/
Describe the role of the career services team in helping students plan for their future.,University Career Services can help you figure What does life after college look like for you. For more information click https://career.gsu.edu/students/
How effective is the career services department in helping graduates find employment opportunities?,University Career Services can help you figure What does life after college look like for you. For more information click https://career.gsu.edu/students/
Can you provide insights into the job placement support that the university's career services offer?,University Career Services can help you figure What does life after college look like for you. For more information click https://career.gsu.edu/students/
In what ways does the career services office prepare students for internships and job interviews?,University Career Services can help you figure What does life after college look like for you. For more information click https://career.gsu.edu/students/
Share your thoughts on the impact of career services on the overall student success at the university.,University Career Services can help you figure What does life after college look like for you. For more information click https://career.gsu.edu/students/
What is the quality of the university's personnel and faculty?,"The faculty at Georgia State University is renowned for their exceptional expertise, dedication, and commitment to providing high-quality education, creating an enriching and supportive learning environment for students."
Could you provide me with information regarding the credentials and experience of the instructors and support staff?,"The faculty at Georgia State University is renowned for their exceptional expertise, dedication, and commitment to providing high-quality education, creating an enriching and supportive learning environment for students. Click the provided link to know more about professors https://www.gsu.edu/profile/"
What would you say about the staff and academic members' professionalism?,"The faculty at Georgia State University is renowned for their exceptional expertise, dedication, and commitment to providing high-quality education, creating an enriching and supportive learning environment for students."
Give your thoughts on the academic staff's capacity for mentorship and instruction.,"The faculty at Georgia State University is renowned for their exceptional expertise, dedication, and commitment to providing high-quality education, creating an enriching and supportive learning environment for students. Click the provided link to know more about professors https://www.gsu.edu/profile/"
What kind of academic and personal development help do students receive from the teachers and staff?,"Georgia State University's faculty and staff provide robust support, offering academic guidance and personal development resources to ensure students thrive holistically. "
Describe the range of experiences and backgrounds that the staff and faculty members have.,Click the provided link to know more about professors https://www.gsu.edu/profile/
How do faculty members and staff support the academic climate at the university?,"Professors and staff enrich the academic environment at the university through expertise, innovation, and dedicated support, fostering a culture of learning and collaboration."
How approachable are the staff and professors for students who need help or guidance?,Faculty and staff are highly accessible for student assistance and advice.
Could you give instances of how the staff and professors go above and beyond to promote the success of the students?,Click the provided link to know more about professors https://www.gsu.edu/profile/
What steps does the institution take to guarantee that its staff and professors have a happy place to work?,"The university implements supportive policies, professional development opportunities, and inclusive practices."
What is the caliber of the faculty and staff at the university?,"The faculty at Georgia State University is renowned for their exceptional expertise, dedication, and commitment to providing high-quality education, creating an enriching and supportive learning environment for students."
Can you tell me about the qualifications and expertise of the professors and administrative staff?,Click the provided link to know more about professors https://www.gsu.edu/profile/
How would you describe the professionalism of the faculty and staff members?,"The faculty at Georgia State University is renowned for their exceptional expertise, dedication, and commitment to providing high-quality education, creating an enriching and supportive learning environment for students."
Share your perspective on the teaching and mentoring abilities of the academic staff.,Click the provided link to know more about professors https://www.gsu.edu/profile/
What kind of support do students receive from the faculty and staff in terms of academic guidance and personal development?,"Georgia State University's faculty and staff provide robust support, offering academic guidance and personal development resources to ensure students thrive holistically. "
Describe the diversity of backgrounds and experiences among the faculty and staff members.,Click the provided link to know more about professors https://www.gsu.edu/profile/
In what ways do professors and staff contribute to the university's academic environment?,"Professors and staff enrich the academic environment at the university through expertise, innovation, and dedicated support, fostering a culture of learning and collaboration."
How accessible are the faculty and staff members for students seeking assistance or advice?,Faculty and staff are highly accessible for student assistance and advice.
Can you provide examples of how the faculty and staff go above and beyond to support student success?,Click the provided link to know more about professors https://www.gsu.edu/profile/
What measures does the university take to ensure a positive working environment for its faculty and staff?,"The university implements supportive policies, professional development opportunities, and inclusive practices."
Which lodging choices are accessible to students?,"The university provides various accommodation options, including on-campus housing and off-campus recommendations."
Can you give a description of the university's housing options?,Georgia State provides safe accomodations to students.Refere to this link https://myhousing.gsu.edu/ to know more about housing options.
Which kinds of student accommodation are available on campus?,Georgia State provides safe accomodations to students.Refere to this link https://myhousing.gsu.edu/ to know more about housing options.
Provide details about the facilities and living halls.,Georgia State provides safe accomodations to students.Refere to this link https://myhousing.gsu.edu/ to know more about housing options.
In what ways does the institution help students locate accommodation off campus?,Refer this link to know more about off campus housing options https://www.georgiastateoffcampus.com/
Describe the possibilities and living situations available to students who decide to live on campus.,Georgia State provides safe accomodations to students.Refere to this link https://myhousing.gsu.edu/ to know more about housing options.
Which housing support services are offered to students who require help?,please refer this link  https://myhousing.gsu.edu/learn-about-us/
Could you tell me more about the price of living on campus?,Georgia State provides safe accomodations to students.Refere to this link https://myhousing.gsu.edu/ to know more about housing options.
In what ways does the institution develop a feeling of community within its residential areas?,Georgia State provides safe accomodations to students.Refere to this link https://myhousing.gsu.edu/ to know more about housing options.
Tell me about any special provisions or guidelines the university has for housing its students.,Georgia State provides safe accomodations to students.Refere to this link https://myhousing.gsu.edu/ to know more about housing options.
What are the accommodation options available for students?,Refer this link to know more about off campus housing options https://www.georgiastateoffcampus.com/
Can you describe the housing facilities provided by the university?,Georgia State provides safe accomodations to students.Refere to this link https://myhousing.gsu.edu/ to know more about housing options.
What types of on-campus housing are offered to students?,Georgia State provides safe accomodations to students.Refere to this link https://myhousing.gsu.edu/ to know more about housing options.
Share information about the residence halls and their amenities.,Georgia State provides safe accomodations to students.Refere to this link https://myhousing.gsu.edu/ to know more about housing options.
How does the university assist students in finding off-campus housing?,Refer this link to know more about off campus housing options https://www.georgiastateoffcampus.com/
Describe the living arrangements and options for students who choose to reside on campus.,Georgia State provides safe accomodations to students.Refere to this link https://myhousing.gsu.edu/ to know more about housing options.
What housing support services are available for students in need of assistance?,please refer this link  https://myhousing.gsu.edu/learn-about-us/
Can you provide details on the costs associated with on-campus housing?,Georgia State provides safe accomodations to students.Refere to this link https://myhousing.gsu.edu/ to know more about housing options.
In what ways does the university foster a sense of community within its residential areas?,Georgia State provides safe accomodations to students.Refere to this link https://myhousing.gsu.edu/ to know more about housing options.
Tell me about any unique features or policies regarding student housing at the university.,Georgia State provides safe accomodations to students.Refere to this link https://myhousing.gsu.edu/ to know more about housing options.
How can I learn more about the scholarships this university offers to international students?, Please refer to this link regarding scholarship details https://admissions.gsu.edu/bachelors-degree/knowledgebase/tuition-financial-aid/
What kind of assistance is offered to foreign students in order to help them adjust to a new academic and cultural setting?,Georgia state university has ISSS which advices international students.Please refer to this link to know more about ISSS https://isss.gsu.edu/
Could you elaborate on how to apply for a student visa and address any immigration-related issues that affect international students?,Please refer to this link to know more about Visa related information https://isss.gsu.edu/incoming-students/
Are there any English language courses or language aid programmes available for overseas students who might require extra help?,"Yes, Georgia State University offers language assistance programs and English language courses to support international students in their academic endeavors."
How do foreign students go about getting on-campus or off-campus housing?,Refer this link to know more about off campus housing options https://www.georgiastateoffcampus.com/
How can I make friends on campus or engage in cultural events with other international students?,Georgia state university has ISSS which advices international students.Please refer to this link to know more about ISSS https://isss.gsu.edu/
Do foreign students have access to any particular career resources or job placement services?,"Yes, Georgia State University offers language assistance programs and English language courses to support international students in their academic endeavors."
Could you tell me more about the services and requirements for health insurance that are specific to overseas students?,Please refer this link to know about health insurance for international students https://isss.gsu.edu/incoming-students/step-3-arrival-and-orientation/student-health-resources/
What measures does the institution take to guarantee the security and welfare of its foreign students while they are on campus?,Georgia state university has ISSS which advices international students.Please refer to this link to know more about ISSS https://isss.gsu.edu/
How does the university handle any particular difficulties that foreign students could have in their academic careers?,Georgia state university has ISSS which advices international students.Please refer to this link to know more about ISSS https://isss.gsu.edu/
How can I find information about scholarships available for international students at this university?, Please refer to this link regarding scholarship details https://admissions.gsu.edu/bachelors-degree/knowledgebase/tuition-financial-aid/
What support services are provided to help international students adapt to a new academic and cultural environment?,Georgia state university has ISSS which advices international students.Please refer to this link to know more about ISSS https://isss.gsu.edu/
Can you provide details on the process of obtaining a student visa and other immigration-related concerns for international students?,Please refer to this link to know more about Visa related information https://isss.gsu.edu/incoming-students/
Are there language assistance programs or English language courses available for international students who may need additional support?,"Yes, Georgia State University offers language assistance programs and English language courses to support international students in their academic endeavors."
What is the process for international students to secure housing on or off-campus?,Refer this link to know more about off campus housing options https://www.georgiastateoffcampus.com/
How can I connect with other international students or find cultural events to participate in on campus?,Georgia state university has ISSS which advices international students.Please refer to this link to know more about ISSS https://isss.gsu.edu/
Are there specific career resources and job placement services tailored to international students?,Georgia State University provides specialized career resources and job placement services designed to support and guide students in their career development.
Can you provide information about health insurance requirements and healthcare services for international students?,Please refer this link to know about health insurance for international students https://isss.gsu.edu/incoming-students/step-3-arrival-and-orientation/student-health-resources/
What steps does the university take to ensure the safety and well-being of international students on campus?,Georgia state university has ISSS which advices international students.Please refer to this link to know more about ISSS https://isss.gsu.edu/
How does the university address any unique academic challenges that international students may face?,Georgia state university has ISSS which advices international students.Please refer to this link to know more about ISSS https://isss.gsu.edu/
